{
    "1": 11.16273689,
    "2": 10.68179798,
    "3": 10.38821125,
    "4": 10.11679173,
    "5": 9.17169189,
    "6": 8.73312664,
    "7": 8.65464592,
    "8": 8.34268379,
    "9": 8.04702950,
    "10": 8.10606861
}
