{
    "1": 11.34383869,
    "2": 11.34383869,
    "3": 11.34221172,
    "4": 11.33503437,
    "5": 11.31144905,
    "6": 11.24043751,
    "7": 11.21088886,
    "8": 10.96119499,
    "9": 10.87046337,
    "10": 10.05128479
}